name,f1,auc
Random Forest,0.8068337912087912,0.9633210589209714
LightGBM,0.8261497396403098,0.9683679799738703
