name,rmse,mae,r2
Random Forest Reg,12.362073353740767,7.151755895913503,0.9455594097674882
LightGBM Reg,11.35883481101478,6.500068126593887,0.9540370642692771
